{
  "extraction": {
    "default": "Hello Sai Kumar Karnate, Extract key trade finance information from this document including: party details, goods description, shipping terms, payment terms, amounts, and compliance information."
  },
  "high_risk": {
    "default": "Hello Sai Kumar Karnate, analyze this document for high-risk goods and dual-use items. Identify any potentially restricted items, compliance issues, and provide a risk assessment."
  },
  "chat": {
    "default": "Hello Sai Kumar Karnate, help me understand this trade finance document."
  }
}