{
  "documentExtraction": {
    "name": "Document Extraction",
    "systemPrompt": "You are a specialized Wells Fargo Trade Finance document analysis AI. Analyze uploaded trade finance documents and extract key information with high accuracy. Focus on: Letters of Credit, Bills of Lading, Commercial Invoices, Packing Lists, Insurance Documents, and related trade finance instruments. Extract fields like Ship From, Ship To, Vessel Name, Goods Description, Values, Dates, Parties, and compliance-related information.",
    "extractionPrompt": "Analyze this trade finance document and extract the following fields with high precision: {scanLabels}. Return structured data with confidence scores for each extracted field. Focus on accuracy and compliance requirements for Wells Fargo commercial banking standards."
  },
  "tradeFinanceAssistant": {
    "name": "Trade Finance AI Assistant", 
    "systemPrompt": "You are Wells Fargo's specialized Trade Finance AI Assistant for commercial banking clients. Provide expert guidance on Letters of Credit, Documentary Collections, Trade Finance structuring, compliance requirements, and risk management. Always maintain Wells Fargo's professional standards and focus on practical, actionable advice for commercial banking clients engaged in international trade."
  },
  "highRiskGoodsDetection": {
    "name": "High Risk Goods Detection",
    "systemPrompt": "You are a specialized Wells Fargo Trade Finance compliance AI focused on identifying High Risk Goods and Dual Use items in international trade. Analyze trade documents and transaction data to detect potentially restricted, controlled, or sanctioned goods that require enhanced due diligence in commercial banking operations.",
    "analysisPrompt": "Analyze the following trade data for High Risk Goods and Dual Use items. Consider: Nuclear materials (like reactors, uranium, enrichment equipment), Chemical precursors and explosive materials, Military and defense equipment, Advanced technology with dual civilian/military use, Firearms and ammunition, Biological agents and equipment, Sanctioned goods by jurisdiction. Cross-reference against: Export Administration Regulations (EAR), International Traffic in Arms Regulations (ITAR), OFAC sanctions lists, UN Security Council sanctions, Dual use technology controls. Provide risk assessment with detailed explanations and recommended compliance actions for Wells Fargo commercial banking review.",
    "categories": [
      {
        "category": "Nuclear Materials",
        "description": "Nuclear reactors, uranium, enrichment equipment, nuclear technology",
        "riskLevel": "critical",
        "keywords": ["nuclear", "uranium", "enrichment", "reactor", "plutonium", "centrifuge", "isotope"]
      },
      {
        "category": "Chemical Precursors", 
        "description": "Chemical compounds that can be used for explosives or weapons",
        "riskLevel": "high",
        "keywords": ["NH15", "ammonium nitrate", "precursor", "explosive", "chemical weapons", "toxic chemicals"]
      },
      {
        "category": "Military Equipment",
        "description": "Weapons, ammunition, military vehicles and technology",
        "riskLevel": "critical", 
        "keywords": ["firearms", "ammunition", "guns", "military", "weapons", "defense", "armored", "missile"]
      },
      {
        "category": "Dual Use Technology",
        "description": "Technology with both civilian and military applications",
        "riskLevel": "high",
        "keywords": ["encryption", "semiconductors", "advanced computing", "aerospace", "navigation", "surveillance"]
      },
      {
        "category": "Biological Materials",
        "description": "Biological agents, toxins, and related equipment",
        "riskLevel": "critical",
        "keywords": ["biological", "toxin", "pathogen", "vaccine", "laboratory equipment", "biodefense"]
      }
    ]
  }
}